Employee_Name,Employee_EmailID,Secret_Child_Name,Secret_Child_EmailID
Hamish Murray,hamish.murray@acme.com,Ethan Murray,ethan.murray@acme.com
Layla Graham,layla.graham@acme.com,Charlie Ross 2,charlie.ross2.jr@acme.com
Matthew King,matthew.king@acme.com,Hamish Murray 3,hamish.murray3.jr@acme.com
Benjamin Collins,benjamin.collins@acme.com,Layla Graham,layla.graham@acme.com
Isabella Scott,isabella.scott@acme.com,Charlie Ross,charlie.ross@acme.com
Charlie Ross,charlie.ross@acme.com,Piper Stewart,piper.stewart@acme.com
Hamish Murray 2,hamish.murray2.sr@acme.com,Spencer Allen,spencer.allen@acme.com
Piper Stewart,piper.stewart@acme.com,Matthew King 2,matthew.king2.jr@acme.com
Spencer Allen,spencer.allen@acme.com,Mark Lawrence,mark.lawrence@acme.com
Charlie Wright,charlie.wright@acme.com,Benjamin Collins,benjamin.collins@acme.com
Hamish Murray 3,hamish.murray3.jr@acme.com,Charlie Wright,charlie.wright@acme.com
Charlie Ross 2,charlie.ross2.jr@acme.com,Isabella Scott,isabella.scott@acme.com
Ethan Murray,ethan.murray@acme.com,Hamish Murray,hamish.murray@acme.com
Matthew King 2,matthew.king2.jr@acme.com,Matthew King,matthew.king@acme.com
Mark Lawrence,mark.lawrence@acme.com,Hamish Murray 2,hamish.murray2.sr@acme.com
